<?xml version="1.0" encoding="UTF-8"?>
<module codename="org.netbeans.core/2">
<module_version install_time="1161083356558" last="true" origin="installer" specification_version="3.2.22.1">
<file crc="1764775069" name="DISTRIBUTION.txt"/>
<file crc="3130846291" name="LICENSE.txt"/>
<file crc="3332895251" name="THIRDPARTYLICENSEREADME.txt"/>
<file crc="3410766333" name="config/ModuleAutoDeps/org-netbeans-core.xml"/>
<file crc="4276903807" name="config/Modules/org-netbeans-core.xml"/>
<file crc="3088768176" name="core/ide.ks"/>
<file crc="1282379419" name="modules/org-netbeans-core.jar"/>
</module_version>
</module>
